-1.970438408242270123e+00,-2.416667479647590877e+00,-1.000000000000000000e+00
-5.992923552821880495e-01,-2.007907844864362801e+00,-1.000000000000000000e+00
1.107417979168652700e+00,8.272644387419603174e-01,-1.000000000000000000e+00
-6.082137888305989559e-01,3.750189492962828552e+00,1.000000000000000000e+00
6.775763424961360748e-01,2.208612653621950361e+00,1.000000000000000000e+00
-3.619019884118615527e-01,3.528161720171024029e+00,1.000000000000000000e+00
1.645822382823948882e+00,-1.926618845794587642e+00,-1.000000000000000000e+00
-1.526893984809875038e+00,-1.951815780604482242e+00,-1.000000000000000000e+00
2.267534800120468930e+00,-2.253225289194746850e+00,1.000000000000000000e+00
3.485369482438093858e+00,1.707764690515933825e+00,-1.000000000000000000e+00
-3.784085442672878941e+00,3.705074383634137103e+00,1.000000000000000000e+00
1.003497478983460756e+00,-5.553643128308769050e+00,1.000000000000000000e+00
2.644896788128829335e-01,2.364353523573859306e+00,-1.000000000000000000e+00
-1.234765993843907061e+00,5.240002187205352602e-01,-1.000000000000000000e+00
2.455137451665654336e+00,2.825076514943725581e+00,1.000000000000000000e+00
-2.328582044392599304e+00,4.503817582681644893e+00,1.000000000000000000e+00
1.968376556879619876e+00,-9.792638872764881652e-01,-1.000000000000000000e+00
-2.836405743877445040e+00,1.788554039926954609e+00,-1.000000000000000000e+00
1.070809012322073484e+00,5.441955295314901964e-01,-1.000000000000000000e+00
3.328395247360500964e+00,2.364761131522329585e+00,1.000000000000000000e+00
-3.566204965276038585e-01,-1.305961922369468953e+00,-1.000000000000000000e+00
-1.541822177390269055e-01,-6.565358115261554772e-01,-1.000000000000000000e+00
6.676243933190408875e-01,5.174830626006858836e+00,1.000000000000000000e+00
4.685323988078640700e-01,-1.328386665110917519e+00,-1.000000000000000000e+00
1.545243502931848978e+00,-2.864859621816579605e+00,-1.000000000000000000e+00
-2.517485808093391508e-01,-2.432145311788064923e+00,-1.000000000000000000e+00
1.697717713199141443e+00,-5.045707233939882297e-01,-1.000000000000000000e+00
-5.072468105384215775e+00,-3.144378454176699922e+00,1.000000000000000000e+00
1.441380908028526475e+00,-8.513090757238068740e-01,-1.000000000000000000e+00
-2.046448133483377951e+00,5.916405660445334114e-02,-1.000000000000000000e+00
1.046877846770426945e+00,1.097657468821400695e+00,-1.000000000000000000e+00
-4.414058922908023597e+00,2.302319511301107902e+00,1.000000000000000000e+00
2.515024417768263021e+00,4.809700481441016251e+00,1.000000000000000000e+00
-2.895643671154719989e+00,1.181539614808075900e+00,1.000000000000000000e+00
-8.391977052997454667e-01,1.104707006843387962e+00,-1.000000000000000000e+00
-3.129834653758122975e+00,-1.307917985395978810e-01,-1.000000000000000000e+00
-2.418818222476060598e+00,4.083738539859709249e+00,1.000000000000000000e+00
2.689590217901829838e+00,-5.810615181883171942e-01,-1.000000000000000000e+00
2.462194107461287196e+00,-2.406088549627029227e+00,1.000000000000000000e+00
-1.564339669406999755e+00,-6.022328938277716759e-01,-1.000000000000000000e+00
-4.404351704107984489e+00,-1.530507980596050643e+00,1.000000000000000000e+00
-1.684028201181652529e+00,2.274276755558845009e-01,-1.000000000000000000e+00
5.614853488794349090e-01,1.961882603292985916e-02,-1.000000000000000000e+00
3.474521605719123052e+00,-1.408778527150720272e+00,-1.000000000000000000e+00
1.897182815334321537e+00,5.805920185062931616e+00,1.000000000000000000e+00
2.734616555889449074e+00,-5.767951892072656905e-01,-1.000000000000000000e+00
1.304351560107574803e+00,-3.178067139878503866e+00,-1.000000000000000000e+00
-5.151437655941228044e+00,-2.014554280842608680e-01,1.000000000000000000e+00
5.240460203536331241e-01,-2.146230957038754106e+00,-1.000000000000000000e+00
1.565677288528604327e+00,-2.869578457032353480e-01,-1.000000000000000000e+00
4.421888962640761811e+00,-4.855763972112972837e+00,1.000000000000000000e+00
-1.469918576792361042e+00,-2.236095018927820810e+00,-1.000000000000000000e+00
5.986136278675470379e+00,2.392099991190242747e+00,1.000000000000000000e+00
-3.434866508799744311e-01,5.169064612369449474e-01,-1.000000000000000000e+00
2.503877892503968638e+00,2.627676893427635108e-01,1.000000000000000000e+00
-2.518871253276349975e+00,7.536398992714150591e-01,1.000000000000000000e+00
1.821756671801611382e+00,-3.218032827777585148e+00,1.000000000000000000e+00
-2.508949378993281520e-01,-3.436141108584853110e-01,-1.000000000000000000e+00
2.703795501686165337e-01,-3.222303050294351490e+00,1.000000000000000000e+00
-1.128212813144899185e+00,-3.393426068330307466e+00,-1.000000000000000000e+00
1.499347857018354269e+00,9.301167139629631375e-01,-1.000000000000000000e+00
1.334738678655442490e+00,-1.806990008034445649e+00,-1.000000000000000000e+00
-5.728026400875970703e-01,2.309138316069994534e+00,-1.000000000000000000e+00
5.057049922427022004e+00,1.514300459743697980e+00,1.000000000000000000e+00
-4.170774837764064102e+00,-1.426942064096593743e+00,1.000000000000000000e+00
2.243128084813222678e+00,9.969533557581362615e-01,-1.000000000000000000e+00
-4.157894684845949484e+00,1.144073099901355750e+00,1.000000000000000000e+00
-3.212927928279367684e+00,2.330381669905416953e-01,-1.000000000000000000e+00
-3.781546929215671593e+00,-7.969954122094780047e-03,1.000000000000000000e+00
4.266673069830656750e+00,5.346639556362795531e-01,1.000000000000000000e+00
2.819815312751428493e+00,1.059317800131549525e+00,1.000000000000000000e+00
4.267829548023667208e-01,4.057247300989142325e+00,1.000000000000000000e+00
1.119040481155594957e+00,4.684698565507480872e+00,1.000000000000000000e+00
2.683844211775398669e+00,-6.617085132828849359e-01,1.000000000000000000e+00
-3.100253712914611270e+00,-6.113576298247468122e-02,-1.000000000000000000e+00
-5.344690889543966428e+00,-1.444290212231575943e+00,1.000000000000000000e+00
-9.328619492386376333e-01,-2.291602776753253412e+00,-1.000000000000000000e+00
-3.545662555663545934e+00,-2.315676843086300174e+00,1.000000000000000000e+00
-3.303449040695986216e+00,-3.237951161727105287e+00,1.000000000000000000e+00
3.024637622641860979e+00,2.902319169529040011e+00,1.000000000000000000e+00
2.282602747512645358e-01,3.504781860218361356e+00,-1.000000000000000000e+00
1.046183963913607240e+00,6.954467451409290790e-01,-1.000000000000000000e+00
-3.040601585293194908e+00,1.165290374033267629e+00,1.000000000000000000e+00
-5.360992270515639868e-01,-2.946647958400429257e+00,-1.000000000000000000e+00
3.319986365170216391e+00,-1.842161304188841831e-01,-1.000000000000000000e+00
-6.641117194902097509e-01,4.973285613724319099e+00,1.000000000000000000e+00
-2.194093878321297542e+00,-7.429205413964869997e-01,-1.000000000000000000e+00
-2.417444036071870084e+00,-2.755743641724313076e+00,1.000000000000000000e+00
2.441143230286358268e+00,-1.669773496978159910e+00,-1.000000000000000000e+00
-1.743095225948755767e+00,-2.342857144551360182e-01,-1.000000000000000000e+00
3.621332525992196238e+00,1.272564340789471560e-01,-1.000000000000000000e+00
-1.303287998386514657e+00,1.257201348037803701e+00,-1.000000000000000000e+00
-3.865341574318943429e+00,-9.110714162227800950e-01,1.000000000000000000e+00
-4.177645380131173702e+00,1.221660669110065545e+00,-1.000000000000000000e+00
-3.915358058548713771e+00,-2.579896634228836305e+00,1.000000000000000000e+00
3.881484139794196597e+00,4.433110243319320354e-01,1.000000000000000000e+00
-2.910968587978584488e+00,-3.644236084943593745e+00,1.000000000000000000e+00
-1.648469015672688887e+00,-3.958928468788311061e+00,1.000000000000000000e+00
1.857201303156032601e+00,-1.570376956712707939e+00,-1.000000000000000000e+00
-2.905634810496275922e+00,-2.330068030993951211e+00,1.000000000000000000e+00
-2.613838863149665404e+00,6.469359390798763432e-01,-1.000000000000000000e+00
1.801481023367337286e+00,-1.577987720321016418e+00,-1.000000000000000000e+00
-9.122629213273635296e-01,2.138681625600470149e+00,-1.000000000000000000e+00
4.103873601909127977e+00,3.248240737714272797e+00,1.000000000000000000e+00
1.449748601374617918e+00,2.277400458971361452e+00,-1.000000000000000000e+00
-3.372068584507161848e+00,8.246269459774890898e-02,1.000000000000000000e+00
-3.828585143910246735e+00,5.622411703264313942e-01,1.000000000000000000e+00
-2.059093815406810357e+00,6.444183449137019792e-01,-1.000000000000000000e+00
1.268070739916296485e+00,-1.546419111283507952e+00,-1.000000000000000000e+00
-1.622502522320105722e+00,-1.260228759825085199e+00,1.000000000000000000e+00
-6.231341221023378729e-01,-3.040043486174832665e+00,-1.000000000000000000e+00
-3.664687716959421859e+00,-1.357195312995171710e+00,1.000000000000000000e+00
3.814765343920627050e+00,-2.303001290452082905e+00,1.000000000000000000e+00
-8.363562729728003520e-01,-9.814455177082759274e-01,-1.000000000000000000e+00
-4.887532314172601033e+00,9.480484699896045697e-01,1.000000000000000000e+00
4.591895927816147527e-01,-4.097219031607869155e+00,1.000000000000000000e+00
1.239746856073813186e+00,-7.813980591842164536e-01,-1.000000000000000000e+00
2.244501200598231438e+00,1.335240973832506395e+00,1.000000000000000000e+00
2.748147918935000433e+00,3.297965799328110403e+00,1.000000000000000000e+00
-1.014671068457001502e+00,2.777157203293771026e+00,-1.000000000000000000e+00
-6.657327596341646725e-01,-2.582886582362320826e+00,-1.000000000000000000e+00
-4.106965919378979812e+00,9.809944140156279246e-02,1.000000000000000000e+00
-2.229564215757183221e-01,-1.655582620602909172e+00,-1.000000000000000000e+00
2.211605426756149573e+00,3.006422368196756678e-01,-1.000000000000000000e+00
1.908767116349471049e+00,-3.483497135805473377e+00,-1.000000000000000000e+00
2.910732749457872970e+00,-8.278368502491240122e-02,1.000000000000000000e+00
-4.979134766810956236e+00,-2.323449130791001238e+00,1.000000000000000000e+00
1.798209833511542399e+00,-3.058745623136679637e+00,1.000000000000000000e+00
-1.312164959085391658e+00,1.051011360199250344e+00,1.000000000000000000e+00
-3.986629547838368204e+00,-8.117123961453680536e-01,1.000000000000000000e+00
2.419222851053874024e+00,-2.563845867032629400e+00,-1.000000000000000000e+00
3.499319112191979109e+00,-4.144755269959507160e+00,1.000000000000000000e+00
-3.814865983643005887e+00,3.336727481251164029e+00,1.000000000000000000e+00
2.598129348321221777e+00,3.862085983291117852e+00,1.000000000000000000e+00
2.925272646243003649e+00,-1.932063674651835150e+00,-1.000000000000000000e+00
4.735405897062515024e+00,-2.553653245901170710e+00,1.000000000000000000e+00
-1.358697683152098934e+00,3.292845264260746863e+00,1.000000000000000000e+00
-6.520844139433190634e-02,1.423670134154066957e+00,-1.000000000000000000e+00
2.437978513475304254e+00,6.157093271875725415e-01,-1.000000000000000000e+00
1.561284840860126755e+00,5.676865074370747166e+00,1.000000000000000000e+00
-1.554341954467846065e-01,-1.694695232535965657e+00,-1.000000000000000000e+00
1.067989735987788125e+00,1.777544140293920716e+00,-1.000000000000000000e+00
1.734162368837779189e+00,1.372367374503922210e+00,-1.000000000000000000e+00
-2.107356696379866445e+00,2.322571646846174342e-01,-1.000000000000000000e+00
2.760272333971202752e+00,9.480722472750269247e-01,-1.000000000000000000e+00
-1.872448397986827162e+00,2.118204826993946632e+00,1.000000000000000000e+00
3.360774141727664421e+00,-2.826604900728160619e+00,1.000000000000000000e+00
6.688054964767238264e-01,4.887310555564576831e+00,1.000000000000000000e+00
1.787180209327999370e+00,-1.422046779147219997e+00,-1.000000000000000000e+00
2.086910958520876935e+00,-2.444768837073106660e+00,-1.000000000000000000e+00
-1.476128330365389152e+00,-1.104557859507082629e+00,-1.000000000000000000e+00
3.570485670784532495e+00,1.367332672392909121e+00,-1.000000000000000000e+00
-6.049715205188783251e+00,6.246705405582130277e-01,1.000000000000000000e+00
-3.358622578565670924e+00,3.181894998200693880e+00,1.000000000000000000e+00
-2.210788612551249255e+00,-2.908211342054741522e+00,-1.000000000000000000e+00
-9.161272530293655958e-01,1.124237210442281754e+00,-1.000000000000000000e+00
-2.571989907954129073e+00,-8.504747621315449368e-01,1.000000000000000000e+00
-2.512686935426112100e+00,1.367413600314584254e+00,1.000000000000000000e+00
-5.364499612475596813e+00,7.005155055308270873e-01,1.000000000000000000e+00
-2.194682466264385123e+00,-2.580442240942290022e-01,-1.000000000000000000e+00
1.500007797960454692e+00,6.561231967677811916e-01,-1.000000000000000000e+00
2.890124552292728133e+00,9.612061245460774561e-01,-1.000000000000000000e+00
9.767063095011809803e-01,6.428710124330599740e+00,1.000000000000000000e+00
-3.455022799615698581e+00,-1.323141839595018299e+00,-1.000000000000000000e+00
-2.384832935839859669e+00,4.100720589810709527e+00,1.000000000000000000e+00
1.947919129627043944e+00,-1.905505719414974486e+00,-1.000000000000000000e+00
2.614956227987633053e+00,2.391579531584527629e+00,1.000000000000000000e+00
2.811326241861815678e-01,-4.605185837087599765e+00,1.000000000000000000e+00
-1.175571941762766581e+00,-1.109970261854460016e+00,-1.000000000000000000e+00
-3.578840930010872778e+00,1.298397200897075221e+00,1.000000000000000000e+00
-3.655692807104015785e+00,-2.560995414579099183e+00,1.000000000000000000e+00
-2.264446718471824660e+00,2.077771590373562738e+00,-1.000000000000000000e+00
2.462664337082668187e+00,-2.795556880778973241e-01,-1.000000000000000000e+00
2.665850403068803054e+00,-1.895807591910188661e+00,-1.000000000000000000e+00
1.141923046685720200e+00,-1.577348486946174244e+00,-1.000000000000000000e+00
9.406203680976101822e-01,-1.314223939778838002e-01,-1.000000000000000000e+00
2.301971146591512696e+00,4.700047221576564738e+00,1.000000000000000000e+00
-1.164831804779298041e+00,-3.172347626774491225e+00,-1.000000000000000000e+00
1.967368157454540523e+00,-4.918451544796276220e-02,-1.000000000000000000e+00
3.526867114820181559e+00,7.840413977001252643e-01,1.000000000000000000e+00
-5.660498355186451835e-01,-9.233056969730963903e-01,-1.000000000000000000e+00
5.693501650492184929e+00,-9.377071996032023682e-01,1.000000000000000000e+00
1.555300012471491300e+00,-2.586751155070490249e+00,-1.000000000000000000e+00
-1.708008417078130226e+00,2.553807706613339334e+00,1.000000000000000000e+00
-1.752045996932936500e+00,-4.919563121815381024e+00,1.000000000000000000e+00
-1.706569158754562832e+00,4.108429131607294060e+00,1.000000000000000000e+00
4.914227125816564623e+00,2.607738348279393659e-01,1.000000000000000000e+00
-3.321373080031159830e+00,-2.015267604715668792e+00,-1.000000000000000000e+00
-7.163748277147673482e-01,4.601575262261963672e+00,1.000000000000000000e+00
-1.465249819348073190e+00,-2.563205448110955409e+00,1.000000000000000000e+00
1.479398648381667902e-01,-2.554547075099397713e+00,-1.000000000000000000e+00
-6.028882878452499483e-01,-1.659766434421331649e+00,-1.000000000000000000e+00
9.020656486967053578e-01,-1.526238109391897968e+00,-1.000000000000000000e+00
2.322770497260868705e+00,4.397771689321737121e+00,1.000000000000000000e+00
-9.318295796847017032e-01,-3.170229041621341892e+00,1.000000000000000000e+00
-3.526662321195396466e+00,-2.171391769084685119e+00,1.000000000000000000e+00
-4.816133096878568054e+00,2.558581516850636728e+00,1.000000000000000000e+00
4.202138057381178626e+00,4.077604459580442819e-01,-1.000000000000000000e+00
-3.743548188346975891e+00,3.513005563170986001e+00,1.000000000000000000e+00
-4.482688011250275828e+00,-2.222671303223854533e+00,1.000000000000000000e+00
1.520965552479565108e-01,1.014933509649149856e+00,-1.000000000000000000e+00
1.895941800398468491e+00,-4.709711654288151195e+00,1.000000000000000000e+00
-1.872710190615995085e+00,1.551610139701522728e+00,-1.000000000000000000e+00
2.990751956828261893e+00,-2.221346649404167373e+00,1.000000000000000000e+00
9.520247786056867945e-02,-4.552024102231520430e+00,1.000000000000000000e+00
-3.554762609601837653e+00,2.355635074549657926e+00,1.000000000000000000e+00
3.055914521256979377e+00,-2.533438050676141418e-02,-1.000000000000000000e+00
2.760915611177387152e+00,-2.540803101582876700e+00,-1.000000000000000000e+00
1.222540215568929556e+00,-1.450679765028191293e+00,-1.000000000000000000e+00
5.623306440452157773e+00,3.592090077626154399e-01,1.000000000000000000e+00
2.077142675687191797e+00,-2.230540320194283055e+00,1.000000000000000000e+00
4.118926407800881151e+00,3.334875181563156099e-01,1.000000000000000000e+00
3.698437856407947422e+00,-2.627678348733903491e+00,1.000000000000000000e+00
-3.624361664883237300e+00,2.988559849477673058e+00,1.000000000000000000e+00
3.837033147625439788e+00,-7.255040199007897206e-01,1.000000000000000000e+00
4.913233791495703606e-01,4.210249563748811319e+00,-1.000000000000000000e+00
1.719302777692086392e+00,3.926189621277286435e+00,1.000000000000000000e+00
-3.955959836096191840e+00,-1.867816151638134636e+00,1.000000000000000000e+00
1.586022211069495036e+00,4.987125003375145749e-01,-1.000000000000000000e+00
6.209308514093747622e-01,1.636741266033228115e+00,-1.000000000000000000e+00
3.313724936489688577e+00,1.710227104421568889e-02,1.000000000000000000e+00
-3.823016387318356468e-01,3.244912678895224722e+00,1.000000000000000000e+00
-2.986795369497801111e+00,3.241600540959776122e+00,1.000000000000000000e+00
1.337400133730994645e+00,-2.237786490458879562e+00,-1.000000000000000000e+00
-2.235134347352891293e+00,3.553214484583235300e-01,-1.000000000000000000e+00
7.437786358388351893e-01,2.449653755544763722e+00,-1.000000000000000000e+00
-1.577120395539187703e-01,4.877045269559674878e+00,1.000000000000000000e+00
2.461126712853498155e+00,-1.913949420212188057e+00,1.000000000000000000e+00
4.478816219170126400e-01,-1.800343192615876609e+00,-1.000000000000000000e+00
-1.181507930883594737e+00,-2.355680587357473765e+00,-1.000000000000000000e+00
-2.490492716406203400e+00,2.521083273088899901e+00,1.000000000000000000e+00
-3.918041038095381623e+00,8.638760581872311217e-01,1.000000000000000000e+00
-2.187310063273761429e+00,1.429286435996957261e+00,-1.000000000000000000e+00
4.276401362418811303e+00,-2.993381333647009868e+00,1.000000000000000000e+00
6.328276613968681907e-01,-1.508819142427695104e+00,-1.000000000000000000e+00
-9.077747709132870657e-01,1.830669102642428880e+00,-1.000000000000000000e+00
4.269817416293580692e+00,-1.440889452448641528e+00,1.000000000000000000e+00
-2.641853324167551698e+00,1.399211543983755357e+00,1.000000000000000000e+00
4.328321933846558167e+00,2.552581147571811204e+00,1.000000000000000000e+00
3.135783456039916484e+00,3.257646165332453325e+00,1.000000000000000000e+00
-4.472007824173015678e+00,-2.105350322087894188e+00,1.000000000000000000e+00
4.250136081403068089e-01,1.726912533500456703e+00,-1.000000000000000000e+00
1.670225760375118940e+00,-3.492622917474107691e+00,-1.000000000000000000e+00
1.068053673831312445e+00,3.155787953921021405e+00,-1.000000000000000000e+00
3.612890019700595978e+00,2.145604233796045701e-01,1.000000000000000000e+00
2.661696554732735365e+00,3.424159365141524525e+00,1.000000000000000000e+00
4.622672145240665387e+00,1.055265073439879853e+00,1.000000000000000000e+00
1.976989190744576352e-01,-3.975017816111041213e+00,1.000000000000000000e+00
1.470423493452633679e+00,1.473908721680296408e+00,-1.000000000000000000e+00
-2.083744156291546190e+00,4.157912496332980545e+00,1.000000000000000000e+00
-3.579465679757919183e+00,-1.697246010566692664e+00,1.000000000000000000e+00
3.379266483141893929e+00,4.435255487320076129e-01,1.000000000000000000e+00
5.959202963666565545e-01,-7.396993371883723301e-01,-1.000000000000000000e+00
1.465008005703831717e+00,1.401740606857530658e+00,-1.000000000000000000e+00
-2.062894299485366290e+00,9.113064705153857137e-01,-1.000000000000000000e+00
-1.013170595924948625e+00,2.726434077924904109e+00,1.000000000000000000e+00
3.534510438416099909e+00,3.994815542799661223e-01,-1.000000000000000000e+00
1.150762009927747798e+00,2.177272705205759884e+00,-1.000000000000000000e+00
-4.156903889469572455e+00,-8.356168132491789136e-01,1.000000000000000000e+00
-9.750022549104321312e-01,-8.638041969550355192e-01,-1.000000000000000000e+00
-2.478092461833467652e+00,-2.600434116976733101e+00,1.000000000000000000e+00
-2.806739660431272210e+00,-2.791005472013683875e+00,-1.000000000000000000e+00
-1.202464718175130898e+00,-4.167962895295138637e+00,1.000000000000000000e+00
-4.400850000877046808e-01,1.615852811924761712e+00,-1.000000000000000000e+00
-2.181964879778189648e+00,2.578629529070563642e+00,1.000000000000000000e+00
9.706986280201985728e-01,5.931965224158720629e-01,-1.000000000000000000e+00
1.989917862639177137e+00,-1.874965403979830247e+00,-1.000000000000000000e+00
3.918891907431091060e+00,1.196030408271809398e+00,1.000000000000000000e+00
2.936760694259058502e-01,5.241413708878102540e+00,1.000000000000000000e+00
6.235726318271764157e+00,-1.591202659585746026e+00,1.000000000000000000e+00
-1.879806928270894462e+00,1.311349353223425940e+00,-1.000000000000000000e+00
-3.913352149859065654e-01,-1.783594357888216075e+00,-1.000000000000000000e+00
7.038331102883310653e-02,2.535790851851577710e+00,-1.000000000000000000e+00
-2.076584221347692605e-01,-1.332777383193540555e+00,-1.000000000000000000e+00
-1.986207902509345313e+00,-2.621533889730416345e+00,1.000000000000000000e+00
-2.601468265710875194e+00,-3.402110253032336828e+00,1.000000000000000000e+00
2.713779618090956802e+00,-1.611749051522557874e+00,-1.000000000000000000e+00
2.335916551570975219e+00,5.681906784872270411e-01,-1.000000000000000000e+00
-4.825888875416624479e+00,1.833330160250862484e+00,1.000000000000000000e+00
-3.395024660455730814e+00,-2.283892143519711260e-01,1.000000000000000000e+00
9.125052058524908416e-01,8.772144403508252974e-01,-1.000000000000000000e+00
2.088721826970583173e+00,3.021683982206890828e+00,-1.000000000000000000e+00
2.447936997677724769e+00,-5.477966784620331708e-01,-1.000000000000000000e+00
2.498235694529404305e-01,-8.136171365260349564e-01,-1.000000000000000000e+00
-5.253320011686797741e+00,1.072619062260596445e+00,1.000000000000000000e+00
-2.476954875646290688e+00,-8.881934604772266928e-01,-1.000000000000000000e+00
2.087858253389671681e+00,-5.726167053054682654e-01,-1.000000000000000000e+00
-1.726230980961912742e+00,-6.530469134866538905e-01,-1.000000000000000000e+00
-3.430624005894383766e-02,5.447374228288493825e+00,1.000000000000000000e+00
-5.888239224049540699e-01,1.671139202896663623e+00,-1.000000000000000000e+00
-1.391296840675555035e+00,-3.733486102316124766e-02,-1.000000000000000000e+00
1.388441531586233513e+00,1.976186763186376538e+00,1.000000000000000000e+00
2.069903750368733863e+00,-9.964749532950831767e-01,-1.000000000000000000e+00
1.603238417662744997e+00,1.554261256015670334e+00,-1.000000000000000000e+00
-1.064197883351930773e+00,-2.207079551560539699e+00,-1.000000000000000000e+00
3.365979194990361023e+00,-3.823227951736174024e+00,1.000000000000000000e+00
2.725694993987611170e+00,2.484592039166464428e-01,-1.000000000000000000e+00
-4.511859429516855258e+00,-2.263012603892854635e+00,1.000000000000000000e+00
3.024006601933603378e+00,2.965480249696685888e+00,1.000000000000000000e+00
-1.979337365795326154e-01,-1.509406395000898016e+00,-1.000000000000000000e+00
-2.475557265184245903e+00,-2.224152496218634312e+00,-1.000000000000000000e+00
1.403542229273771591e+00,-2.858387810126699513e+00,-1.000000000000000000e+00
2.845304590680869383e-01,9.885669915975490163e-01,-1.000000000000000000e+00
9.636354627056469280e-01,1.960455242406362375e+00,-1.000000000000000000e+00
1.109314322885414761e+00,-2.438746079281276291e+00,1.000000000000000000e+00
2.526594352821892819e+00,-3.152861921208586882e+00,1.000000000000000000e+00
-1.594586785005515539e+00,1.022298292133400954e+00,-1.000000000000000000e+00
-4.670700969290444426e+00,2.724701064703414666e+00,1.000000000000000000e+00
-3.069350399596403101e+00,-6.474977976862583695e-02,1.000000000000000000e+00
9.404662510116736929e-01,-2.369926299896127908e+00,1.000000000000000000e+00
5.139634364572733816e+00,7.338600654284600511e-01,1.000000000000000000e+00
6.424049954320051325e-01,-3.254319527335424844e+00,-1.000000000000000000e+00
7.837648738281834948e-01,1.560152731860043662e+00,-1.000000000000000000e+00
-1.144336039986433073e+00,3.651687887143214795e+00,1.000000000000000000e+00
-1.713529730845262167e+00,-4.493390420071560420e+00,1.000000000000000000e+00
4.330222103449704818e+00,1.339579192927099038e+00,1.000000000000000000e+00
-3.568700954821383275e-01,1.982551265972147814e+00,-1.000000000000000000e+00
3.461532385777826848e-01,-3.339613450170893394e+00,-1.000000000000000000e+00
-1.921993822094410387e+00,-3.822833744028877767e+00,1.000000000000000000e+00
2.476013395896597746e+00,-1.793567268394201442e+00,-1.000000000000000000e+00
-2.447508321465383219e+00,9.197699903619154238e-01,-1.000000000000000000e+00
-2.442008755642024020e+00,-7.242654813692692706e-01,-1.000000000000000000e+00
4.500508054125454294e+00,-2.627678589080092664e+00,1.000000000000000000e+00
-2.226153712970837972e+00,1.915471702621323935e+00,-1.000000000000000000e+00
-1.009790424785590224e+00,3.097005945386489323e+00,-1.000000000000000000e+00
1.794667710236933278e+00,-4.126790611256903496e+00,1.000000000000000000e+00
7.294817412170107040e-02,5.865130246252310275e-01,-1.000000000000000000e+00
-4.119146606481917772e+00,-9.310321688833073095e-02,1.000000000000000000e+00
1.293059028698074098e+00,4.134406637797525264e+00,1.000000000000000000e+00
-1.843719516144297188e+00,-8.550064401756378718e-01,1.000000000000000000e+00
1.118330401965649479e+00,-2.120627707031990106e+00,1.000000000000000000e+00
-3.184808195785758578e+00,5.585728927336857108e-01,-1.000000000000000000e+00
1.419362372464606281e+00,3.223713108466777832e+00,1.000000000000000000e+00
4.624530875359722515e-02,-1.207648831685175228e+00,-1.000000000000000000e+00
4.474913093914153484e-01,-1.970583108177547782e+00,-1.000000000000000000e+00
1.352664742587581959e+00,-1.988165976526467871e+00,-1.000000000000000000e+00
3.247267950695376992e+00,8.038424134414199340e-01,1.000000000000000000e+00
2.656490449402668652e+00,-1.441405057948009549e+00,-1.000000000000000000e+00
1.134752924572302701e+00,9.389065755226150278e-01,-1.000000000000000000e+00
-1.114745915095685103e+00,-4.116630247844098811e+00,1.000000000000000000e+00
-3.823666485707505336e-01,-1.673313271746935449e+00,-1.000000000000000000e+00
-1.048403655141691537e+00,2.257871278327585607e+00,-1.000000000000000000e+00
3.274414666805623320e+00,4.548745802411933159e-01,1.000000000000000000e+00
3.470968853831734702e+00,-1.081838640341960200e+00,1.000000000000000000e+00
-3.007663906413826194e+00,1.575325334366608487e+00,1.000000000000000000e+00
2.303165955599188575e+00,-1.691578910000713698e+00,1.000000000000000000e+00
-1.484513582864727566e+00,1.025841089471185352e+00,-1.000000000000000000e+00
-3.522521774703799569e-01,-2.900611189754004116e+00,1.000000000000000000e+00
-1.723415840969153789e+00,1.955471681002520778e+00,-1.000000000000000000e+00
2.235628153200066137e+00,-3.059920806286491324e+00,1.000000000000000000e+00
-1.490868454356618855e+00,3.527865292268740571e+00,1.000000000000000000e+00
-1.604181094002613994e+00,1.513030297614284425e+00,1.000000000000000000e+00
1.661733030459621840e+00,-2.007762126016976900e+00,-1.000000000000000000e+00
3.401408271386526572e+00,-1.314189746947227677e+00,-1.000000000000000000e+00
-2.319942659850504185e+00,2.761797590547793169e-01,-1.000000000000000000e+00
-2.637678646004474547e+00,3.915265569943712443e+00,1.000000000000000000e+00
1.322887253102354110e+00,-4.194674541079133068e-01,-1.000000000000000000e+00
5.253790466086536881e+00,-1.337961465569184494e+00,1.000000000000000000e+00
-1.935100222220746069e+00,4.378225503509825423e+00,1.000000000000000000e+00
2.231051269643758328e+00,1.606083659526175378e+00,-1.000000000000000000e+00
2.122331967497646854e+00,3.547498731909442427e+00,1.000000000000000000e+00
-9.079019259292491206e-01,1.491439874308068125e+00,-1.000000000000000000e+00
-2.393885561579864873e+00,-1.178204681388371755e+00,-1.000000000000000000e+00
-3.198585623583196202e+00,-9.439407266258189599e-01,-1.000000000000000000e+00
-6.047619522074663578e+00,1.806112693760768328e+00,1.000000000000000000e+00
1.057586005848573762e+00,6.374781206891666496e-01,-1.000000000000000000e+00
-2.486274458268903587e+00,-2.222649583945560448e+00,-1.000000000000000000e+00
-1.656409007037495051e+00,-3.239760261648435780e+00,1.000000000000000000e+00
-3.248563185290552990e+00,-2.574649539443660817e-01,-1.000000000000000000e+00
-9.204805199187073850e-01,5.096415208889565562e+00,1.000000000000000000e+00
6.910467403114415319e-01,-1.864937677111146774e+00,-1.000000000000000000e+00
3.172417820145629452e+00,-3.159174448471532948e+00,1.000000000000000000e+00
7.373261788514595683e-02,1.840881810138532249e+00,1.000000000000000000e+00
3.398319743400936233e+00,-8.437346401725686063e-01,-1.000000000000000000e+00
-1.311765465544913356e+00,1.050917855190541150e+00,-1.000000000000000000e+00
1.618256155459245171e+00,1.309581449833629341e+00,-1.000000000000000000e+00
1.046615911837178725e+00,5.001738070629261124e+00,1.000000000000000000e+00
1.179256797959566283e+00,-4.274820687362614891e+00,1.000000000000000000e+00
4.319222885741301532e+00,2.010465485581800937e+00,1.000000000000000000e+00
1.939374651320932008e+00,-4.118030736766513100e-01,-1.000000000000000000e+00
-4.981705890441211260e+00,-7.617446425269156496e-01,1.000000000000000000e+00
4.315272347882449289e+00,-9.203023337138813709e-01,1.000000000000000000e+00
2.974788197074111018e+00,-3.415134037021238633e+00,-1.000000000000000000e+00
-1.770215341238829065e+00,-4.229339909024604438e+00,1.000000000000000000e+00
1.058110506275917961e+00,-2.949297446766624198e+00,-1.000000000000000000e+00
9.528248714801044184e-01,-1.808870104470341245e+00,-1.000000000000000000e+00
4.080263442677811270e+00,1.474391739100959331e+00,1.000000000000000000e+00
-1.335100650257027954e+00,-2.413952680997332179e-01,-1.000000000000000000e+00
4.000435583481385948e-01,2.477508043636145629e+00,1.000000000000000000e+00
8.828011467593493977e-01,-1.818609200604440979e+00,-1.000000000000000000e+00
1.317701802360750962e+00,-1.869941988134323552e+00,1.000000000000000000e+00
-1.407194777144348707e+00,2.361119981420628733e+00,-1.000000000000000000e+00
-4.223814703106747892e+00,4.228480233948728184e-01,1.000000000000000000e+00
1.507662381261613227e+00,4.876037946400082035e+00,-1.000000000000000000e+00
-1.009142185699297922e+00,1.483890873846368308e+00,-1.000000000000000000e+00
-2.334949191043421024e+00,1.321279608520326665e+00,-1.000000000000000000e+00
4.314890231362204176e+00,2.150509334643715853e+00,1.000000000000000000e+00
-4.754883328872506532e+00,3.759307047903331700e+00,1.000000000000000000e+00
-1.325377745522610118e+00,4.648761385696255743e+00,1.000000000000000000e+00
-1.643251517914481097e+00,1.699273979892105935e+00,-1.000000000000000000e+00
-2.863442293205038514e+00,6.966261617356724889e-01,-1.000000000000000000e+00
1.865579556312468634e+00,-1.641838745168795022e+00,-1.000000000000000000e+00
1.577276650316785211e+00,-4.328668079176967609e+00,1.000000000000000000e+00
-2.187801794476319284e+00,3.554995013263697601e+00,1.000000000000000000e+00
3.895949029353513282e+00,3.061174805401436494e+00,1.000000000000000000e+00
1.310590096751657274e+00,-1.214934448127004796e+00,1.000000000000000000e+00
1.167801487067626987e+00,3.508537487030974678e+00,1.000000000000000000e+00
1.317137458481402401e+00,1.392464343836144369e+00,-1.000000000000000000e+00
2.648472378727932508e+00,-1.677557161549088960e+00,1.000000000000000000e+00
3.830755376022546344e+00,-1.761249906562331713e+00,1.000000000000000000e+00
-3.450011691261198887e-01,-5.254339734138290474e+00,1.000000000000000000e+00
2.325205695754805735e+00,-6.206165766722735455e-01,-1.000000000000000000e+00
1.318323802343115858e+00,9.430346186882223591e-01,-1.000000000000000000e+00
-1.326827513610908671e+00,8.285382074367239058e-01,-1.000000000000000000e+00
7.672402980109520598e-01,-1.792491868308565106e+00,-1.000000000000000000e+00
-6.692180608798574681e-01,-4.515744498866518519e-01,-1.000000000000000000e+00
-2.768339963250452396e+00,-1.916083398165385310e+00,-1.000000000000000000e+00
1.098694672913108628e+00,-1.756814598070949973e+00,-1.000000000000000000e+00
2.623391686494485953e+00,-2.306707153662011400e+00,1.000000000000000000e+00
-1.505886210014546478e+00,4.030880006100317381e+00,1.000000000000000000e+00
3.923931168931661162e+00,-3.697543900768076597e+00,1.000000000000000000e+00
5.079696170494391261e+00,2.139063234421808346e+00,1.000000000000000000e+00
-2.025888922271326553e+00,3.672586408434559413e-01,1.000000000000000000e+00
-1.658936336901696951e+00,1.408581716004181361e+00,-1.000000000000000000e+00
5.870258436469314445e-01,4.735142512833165007e+00,1.000000000000000000e+00
2.016919661402089670e+00,2.548659988109827523e+00,-1.000000000000000000e+00
-7.338810304041512023e-01,5.234022007017619771e+00,1.000000000000000000e+00
1.295463553966745174e+00,4.904348997186753767e-01,-1.000000000000000000e+00
-2.535556379971576568e+00,-8.381263546483340710e-01,-1.000000000000000000e+00
1.341829421782977150e+00,1.058563566315296134e+00,-1.000000000000000000e+00
-1.658936074766723667e+00,-4.441479942258125813e-01,-1.000000000000000000e+00
-1.184375772536590432e+00,-5.120598021932720734e-02,-1.000000000000000000e+00
-5.714709732775753448e-01,-2.860726137951941972e+00,1.000000000000000000e+00
-2.693684508648671816e+00,1.160293457756718549e+00,-1.000000000000000000e+00
-4.022994752012926334e+00,-2.924619966609903754e-02,1.000000000000000000e+00
-4.597733689382063282e+00,8.941266899112289002e-01,1.000000000000000000e+00
3.720510287514513958e+00,-3.513672655360930985e-01,1.000000000000000000e+00
-1.920871806990676944e+00,1.419950944472817334e+00,-1.000000000000000000e+00
-3.931382065307937879e+00,-2.140729987099407428e+00,1.000000000000000000e+00
-4.265709528043837295e+00,3.235507500656285007e-01,1.000000000000000000e+00
-6.258306711647146914e-01,5.321631998729395185e+00,1.000000000000000000e+00
-4.565981635725173682e-01,-5.620245342334585281e+00,1.000000000000000000e+00
-3.834371863364083310e-02,-1.119234717217454822e+00,-1.000000000000000000e+00
-3.450207766667516385e+00,1.462538533893673609e+00,1.000000000000000000e+00
7.256721924760092257e-01,4.536824264969451903e+00,1.000000000000000000e+00
-1.925138709584127028e+00,-3.932238986952656834e+00,1.000000000000000000e+00
1.809920768538725966e+00,1.919296529604568757e+00,-1.000000000000000000e+00
-2.567089730625878641e+00,1.169899869468534526e+00,1.000000000000000000e+00
3.326234084658892254e+00,-1.651745208027915801e+00,-1.000000000000000000e+00
9.252549974885604378e-02,-2.390221283861908130e+00,-1.000000000000000000e+00
-1.784265297434949327e+00,-1.385436557748823905e+00,-1.000000000000000000e+00
-3.549214492805692789e+00,-3.559415657117630527e+00,1.000000000000000000e+00
4.809673937489084672e+00,7.223346624691173723e-01,1.000000000000000000e+00
-4.014656811067648157e+00,8.734020750415208978e-01,1.000000000000000000e+00
-6.782713019437383029e-01,1.095698312380025907e+00,-1.000000000000000000e+00
1.999829191311404575e+00,1.219252309084874142e+00,-1.000000000000000000e+00
-1.185746937692443659e+00,2.825084558524825873e+00,-1.000000000000000000e+00
1.715060712681556465e+00,2.859190558642556113e+00,-1.000000000000000000e+00
2.324131024449580085e+00,7.621923185201562312e-01,-1.000000000000000000e+00
2.111281415695495767e+00,8.152246989079318107e-01,-1.000000000000000000e+00
1.432094164490981703e+00,1.292349250335943722e+00,-1.000000000000000000e+00
-3.991210580033700772e+00,-1.538903002027255829e+00,1.000000000000000000e+00
3.280385018541542408e+00,2.978953875550251595e+00,1.000000000000000000e+00
3.403187879450383591e+00,3.863022769370572984e+00,1.000000000000000000e+00
-3.888120397740677525e-01,2.327691806772741678e+00,-1.000000000000000000e+00
-2.760385197485367481e+00,4.124994854176074477e-01,-1.000000000000000000e+00
6.752465046511499924e-01,-4.712025353330010269e+00,1.000000000000000000e+00
2.562978434530292393e+00,-3.623964953270969458e-01,-1.000000000000000000e+00
2.599185185585647595e+00,-3.034909430589134427e+00,1.000000000000000000e+00
-1.443045000305396508e+00,-1.317701405336240805e+00,-1.000000000000000000e+00
9.925746364663893262e-01,7.765538701628253992e-01,-1.000000000000000000e+00
-3.034627151971096115e+00,-1.697805411027452915e-01,1.000000000000000000e+00
-1.034888259455374993e+00,4.429666189656462194e+00,1.000000000000000000e+00
-3.083014208929879096e+00,-3.987619030330286307e+00,1.000000000000000000e+00
-3.030621094829840434e+00,1.219450307211547235e+00,1.000000000000000000e+00
4.396528020149728988e+00,-2.250420680424471964e-01,1.000000000000000000e+00
5.955434680505161893e+00,-6.709115262583467132e-01,1.000000000000000000e+00
-4.473335569674454781e-01,-2.965403128942484479e+00,-1.000000000000000000e+00
-4.338948756728170375e-01,-3.738308169340389675e-01,-1.000000000000000000e+00
3.012903624931796198e+00,5.720156601648170636e+00,1.000000000000000000e+00
1.518217316710480658e+00,3.401996580200428166e+00,1.000000000000000000e+00
4.317014077577240982e+00,1.832491970553708160e+00,1.000000000000000000e+00
8.964733686780055333e-01,2.780042540813658647e+00,-1.000000000000000000e+00
1.611005390794536529e+00,-2.669987833907291996e+00,1.000000000000000000e+00
-6.537732799759063962e-01,4.766508727688712810e+00,1.000000000000000000e+00
-5.636588499498260241e+00,-2.137742991858399666e+00,1.000000000000000000e+00
-2.436121940247666817e+00,6.056132831068539168e-03,-1.000000000000000000e+00
-2.603553586796539143e+00,1.630388305003764193e+00,1.000000000000000000e+00
1.678849372031820941e+00,-2.261677142165057663e+00,-1.000000000000000000e+00
3.140677508587399913e+00,2.746664313689129999e-01,-1.000000000000000000e+00
3.429414726483480447e+00,-1.359791011325115040e+00,1.000000000000000000e+00
-3.521140715724326853e-01,7.162515573390340506e+00,1.000000000000000000e+00
3.851996847220531262e+00,-3.106391034567310694e-01,1.000000000000000000e+00
-8.519833655166322295e-01,-2.850316675344388706e+00,-1.000000000000000000e+00
2.908713735602220130e+00,-3.161146339855018805e-01,-1.000000000000000000e+00
-1.965552034512703994e+00,-3.044409715601226196e-02,-1.000000000000000000e+00
1.256319556394233317e+00,2.013953467652962459e-01,-1.000000000000000000e+00
-1.610731170125749179e+00,-4.413271255080051247e-01,-1.000000000000000000e+00
-5.077242471628760967e+00,1.729383080114910820e+00,1.000000000000000000e+00
-4.577667107800029278e+00,-2.878766639857959220e+00,1.000000000000000000e+00
-4.811971041589487019e-02,-2.799429759773853554e+00,-1.000000000000000000e+00
-1.507600955773422458e+00,-3.151299191657903620e+00,1.000000000000000000e+00
-2.651894229425711735e+00,-2.036680643509250821e+00,1.000000000000000000e+00
-2.867983505956679835e+00,-3.185010464670227082e-01,-1.000000000000000000e+00
4.917421284993087838e+00,-1.296439220546107940e+00,1.000000000000000000e+00
4.582815833240767134e+00,4.272893201591251078e+00,1.000000000000000000e+00
1.749158558853288525e+00,-1.359652050753554109e+00,-1.000000000000000000e+00
-2.479756019477301621e-01,1.603738716885339866e+00,-1.000000000000000000e+00
1.310013872096652765e+00,-2.900169616180159782e+00,1.000000000000000000e+00
3.329242786722006464e+00,1.581716950372296537e+00,1.000000000000000000e+00
-1.831932044325839781e+00,-8.238558603860902663e-01,-1.000000000000000000e+00
2.696796554679790514e+00,-2.610605670589861038e+00,1.000000000000000000e+00
1.406006038108484013e+00,-7.336553964963393737e-01,-1.000000000000000000e+00
-1.267966472031176295e+00,-3.124930156653482172e+00,1.000000000000000000e+00
-4.195396405341916157e+00,2.429723850388998407e+00,1.000000000000000000e+00
1.254726987449747089e+00,1.557615942416854526e+00,-1.000000000000000000e+00
2.184062095368877188e+00,1.178250919779845862e+00,-1.000000000000000000e+00
2.384300500307182102e-01,2.903576754666417514e+00,-1.000000000000000000e+00
-8.732818998272844357e-01,-1.305710643115841063e-01,-1.000000000000000000e+00
-3.016971380484871901e+00,2.525242785288763336e+00,1.000000000000000000e+00
-4.128032213573352038e+00,-3.635834221834697289e+00,1.000000000000000000e+00
-2.514098980156053820e+00,3.614124877420490933e-01,-1.000000000000000000e+00
5.883440263833866979e+00,1.145683680255708436e+00,1.000000000000000000e+00
-3.721017975388223764e+00,2.498928621713720322e+00,1.000000000000000000e+00
7.951476208614445262e-01,-3.482475921218455728e+00,1.000000000000000000e+00
9.401477880250141972e-01,1.749163354713409779e+00,-1.000000000000000000e+00
-3.766627898831948595e+00,-2.745996052822952560e+00,1.000000000000000000e+00
7.653920023794206218e-01,1.447866988157551216e+00,-1.000000000000000000e+00
-1.074527520248856005e+00,-2.207336641893009599e-02,-1.000000000000000000e+00
-4.223354010441948247e+00,-1.099150639976820942e+00,1.000000000000000000e+00
6.115226980692545222e-01,1.117155779463310461e+00,-1.000000000000000000e+00
-1.952504670139744158e+00,1.786994921980748385e+00,-1.000000000000000000e+00
-4.083511097783154575e-01,1.926007203111813615e+00,-1.000000000000000000e+00
2.731463507422424275e+00,-1.936823847152281397e+00,1.000000000000000000e+00
-3.620670063123063720e-01,-2.944554715700754333e+00,1.000000000000000000e+00
-2.081391120881458612e+00,2.253518640038778553e+00,-1.000000000000000000e+00
4.407453872853297483e+00,8.520078043049574834e-01,1.000000000000000000e+00
-4.825452931993888805e-01,1.879665807902508368e+00,-1.000000000000000000e+00
-2.946837434725605220e+00,-1.635223003003150710e+00,-1.000000000000000000e+00
1.851825214362882388e+00,1.313112395627676010e+00,-1.000000000000000000e+00
-4.216940757447090959e+00,-5.154116347431426659e-01,1.000000000000000000e+00
-1.037569680509202730e+00,2.048270471717862584e+00,-1.000000000000000000e+00
3.572242401525947741e+00,-3.076630727444738866e+00,1.000000000000000000e+00
-2.099926819262424527e+00,1.092102171624813600e+00,-1.000000000000000000e+00
-1.960202391569102254e+00,-3.479623649083173342e-01,-1.000000000000000000e+00
3.808879698800901714e+00,4.687369064996804724e+00,1.000000000000000000e+00
-2.283439045279356705e+00,4.567229902555082433e+00,1.000000000000000000e+00
2.540031928837731101e+00,4.831338967052882793e-01,-1.000000000000000000e+00
3.267933505571139374e+00,-6.219712568625671567e-01,-1.000000000000000000e+00
4.932525832577398184e+00,-1.511848318482040376e+00,1.000000000000000000e+00
-4.367193544875558331e-01,-2.371301477609058850e+00,-1.000000000000000000e+00
1.670381357433701641e+00,1.919059945788348820e+00,-1.000000000000000000e+00
5.187240005189263314e+00,-9.740494173284832691e-01,1.000000000000000000e+00
4.390263134046653803e+00,-1.074941990451575791e+00,1.000000000000000000e+00
1.661633745528868777e+00,3.682413799908119678e+00,1.000000000000000000e+00
2.465679547562703355e+00,3.868954243473022858e-01,-1.000000000000000000e+00
-1.617419872253510471e+00,1.975078054936523220e-01,-1.000000000000000000e+00
-2.029853126743657921e+00,8.521510037873381016e-01,-1.000000000000000000e+00
2.827114684728648797e+00,2.131047456226991432e+00,-1.000000000000000000e+00
8.254428799854718335e-02,1.245817557115298957e+00,-1.000000000000000000e+00
-2.424845932942123916e+00,1.087513753087436807e+00,1.000000000000000000e+00
-2.176290442649521761e+00,-3.231173189736726847e+00,1.000000000000000000e+00
3.184276701641084895e+00,-6.452000128597074280e+00,1.000000000000000000e+00
-3.226571731526178155e+00,-8.531002681219324035e-01,1.000000000000000000e+00
7.966723832444768671e-01,2.392896103416120468e+00,1.000000000000000000e+00
-2.921862467375084815e+00,-5.192718525169204291e-02,-1.000000000000000000e+00
-2.867511797218626590e+00,-4.910758402873939277e-01,-1.000000000000000000e+00
4.638969442529573328e+00,1.881437474901417994e+00,1.000000000000000000e+00
1.278016000154414300e+00,-1.974146423482564527e+00,-1.000000000000000000e+00
5.041083909373745620e+00,-1.360574002027065132e+00,1.000000000000000000e+00
-1.711244480126752565e+00,3.124087946354503043e+00,-1.000000000000000000e+00
5.090104251109548450e-01,-1.232656324851660878e+00,-1.000000000000000000e+00
-1.978886169067184175e+00,1.786794196608254781e+00,-1.000000000000000000e+00
3.755885574802814375e+00,1.286951990574881632e+00,1.000000000000000000e+00
-7.293510544966812503e-01,-1.404072631082518452e+00,-1.000000000000000000e+00
-2.248533330545513298e+00,-3.291254280833744161e+00,1.000000000000000000e+00
1.646633621682129123e+00,1.877937781113204752e-01,-1.000000000000000000e+00
3.536568531474072685e+00,1.999414461631374262e+00,1.000000000000000000e+00
1.786091371830154761e+00,-3.572057163703944854e-02,-1.000000000000000000e+00
3.912919854538975173e+00,-2.221265209196817025e+00,1.000000000000000000e+00
2.052575340216232558e+00,-3.452920873374063948e+00,1.000000000000000000e+00
-3.971047854594447202e-01,3.790601096339265563e+00,1.000000000000000000e+00
-3.036268430881479574e+00,-9.879587908672613494e-01,-1.000000000000000000e+00
1.619796984482593016e+00,-1.628636717643983767e+00,-1.000000000000000000e+00
-4.241009183280760375e+00,2.585740210937300443e+00,1.000000000000000000e+00
1.078887830071788567e+00,-1.972520592303950826e+00,-1.000000000000000000e+00
-4.255664118586394373e+00,-8.693023215098535372e-01,-1.000000000000000000e+00
-3.608722346115914803e+00,-1.089309449224105997e+00,1.000000000000000000e+00
-2.885550620258978682e-01,-3.438251385049427178e+00,-1.000000000000000000e+00
-3.755809323485841400e-01,1.686552968808576969e+00,-1.000000000000000000e+00
-4.174912921186627601e-01,-1.382056925517642476e+00,-1.000000000000000000e+00
1.707073153478403937e-01,4.216038650610128613e+00,-1.000000000000000000e+00
-2.470625106391797665e+00,6.891330794330507992e-01,-1.000000000000000000e+00
2.270433878317603238e+00,2.154711823883947552e+00,1.000000000000000000e+00
-1.052807639078509272e+00,-2.690991645806896759e+00,-1.000000000000000000e+00
-3.744437976188685901e-02,4.059650749743700437e+00,1.000000000000000000e+00
1.790325384345750059e-01,-2.757236783892935250e+00,-1.000000000000000000e+00
2.335803344461202968e+00,-1.192157754995702756e+00,-1.000000000000000000e+00
-1.425396334409204435e+00,2.156566750661038423e+00,-1.000000000000000000e+00
9.575760846703651463e-01,2.004435593690954587e+00,-1.000000000000000000e+00
1.373851147405976025e+00,1.679377279506535370e+00,-1.000000000000000000e+00
2.494354467163863998e+00,9.668411631961137953e-02,-1.000000000000000000e+00
-6.805613702814639066e-02,-1.503116761402299995e+00,-1.000000000000000000e+00
-5.781323310548279082e+00,7.820532273500526710e-01,1.000000000000000000e+00
1.719486071175922781e+00,1.533143393864962123e+00,-1.000000000000000000e+00
-3.115992573533865162e+00,3.992602859448665331e+00,1.000000000000000000e+00
1.548534055716047853e+00,-4.953301568475534378e-01,-1.000000000000000000e+00
1.285632639695947432e+00,-1.247744188767800688e+00,-1.000000000000000000e+00
1.422300188175745550e+00,3.263899271647622058e+00,-1.000000000000000000e+00
-1.012455695299647518e+00,-2.201698291795665785e+00,-1.000000000000000000e+00
5.093018616783359320e+00,-5.099745393500066948e-01,1.000000000000000000e+00
-1.200163997528118642e+00,3.294374733718616000e+00,1.000000000000000000e+00
-1.723514591821097230e+00,-2.647870820500777267e+00,-1.000000000000000000e+00
-1.465213888596120340e+00,3.495791712145020380e+00,1.000000000000000000e+00
-3.475754752634539368e+00,-1.922310413075365432e-01,-1.000000000000000000e+00
-1.744502978498303714e+00,3.280101017395677943e+00,1.000000000000000000e+00
3.554489588436832825e+00,-1.304452545188701684e+00,1.000000000000000000e+00
-8.834965452604399694e-01,-6.589674129047032869e-01,-1.000000000000000000e+00
-8.286364760981894673e-01,-2.840972326009470805e+00,1.000000000000000000e+00
2.346102431831028845e+00,1.052764252285500746e+00,-1.000000000000000000e+00
2.629964537919330159e+00,5.430129208413839947e+00,1.000000000000000000e+00
-1.872294366347236672e+00,-2.739098699907488665e+00,1.000000000000000000e+00
1.023605592746804405e+00,3.168028546392230638e+00,-1.000000000000000000e+00
-2.084763984590219277e+00,3.279098074496988868e+00,1.000000000000000000e+00
1.831478933694445921e+00,-1.577694998200172449e+00,-1.000000000000000000e+00
5.458542021452905679e-02,3.834663687282664046e+00,1.000000000000000000e+00
7.374944038052186901e-01,5.105632338509228596e+00,1.000000000000000000e+00
-2.858797549995860443e+00,-2.096269907432237289e+00,-1.000000000000000000e+00
9.853928409790294607e-01,-3.638615849165955041e+00,-1.000000000000000000e+00
2.442500598654146593e+00,1.790804857509458614e+00,-1.000000000000000000e+00
2.434839309489875703e+00,2.490642886475742834e+00,-1.000000000000000000e+00
6.070908100274121644e-01,3.086428383011019960e+00,-1.000000000000000000e+00
2.103686794863941500e+00,2.194229108242314208e+00,-1.000000000000000000e+00
3.488631740038275364e+00,-5.226008912669409812e-01,1.000000000000000000e+00
-8.233523091007410866e-01,-1.376335780250264040e+00,-1.000000000000000000e+00
-2.014774148231480044e+00,4.013397242907323026e+00,1.000000000000000000e+00
-1.986992404322155403e+00,-3.453803275410633589e+00,-1.000000000000000000e+00
-4.621876017613681498e+00,-1.588783591418569285e+00,1.000000000000000000e+00
5.832298466478829102e-01,1.314000329885687934e+00,-1.000000000000000000e+00
-3.684938344828384338e+00,-3.987688792620031064e-01,1.000000000000000000e+00
5.087930001841093341e-01,-1.053740735574402176e-01,-1.000000000000000000e+00
-7.270520068640722311e-01,2.268802430885072496e+00,1.000000000000000000e+00
4.312915868300401634e+00,3.293784522473498289e+00,1.000000000000000000e+00
1.940862941965418198e+00,3.583093985617478605e+00,1.000000000000000000e+00
3.177930784314158874e+00,4.264015412153380202e-01,-1.000000000000000000e+00
2.137643964566430466e+00,9.452132929050331978e-01,-1.000000000000000000e+00
4.535531231251734852e+00,-2.340519715018811731e+00,1.000000000000000000e+00
1.720421503659763873e+00,-1.490970536540974223e-01,-1.000000000000000000e+00
-1.751633724473660170e+00,4.654826359695015014e+00,1.000000000000000000e+00
-3.247626415721312387e+00,1.034592178486901215e+00,-1.000000000000000000e+00
-1.374655054286162637e+00,-1.016405167548851463e+00,-1.000000000000000000e+00
7.789632862729494178e-01,2.635306204889711346e+00,-1.000000000000000000e+00
1.676440549765882304e+00,1.516367880356815245e+00,-1.000000000000000000e+00
-9.388283177417888758e-02,2.888803152406480557e+00,-1.000000000000000000e+00
1.922255565454395576e+00,1.133216779189132772e+00,-1.000000000000000000e+00
4.574735689480030842e+00,-1.651665761065924665e+00,1.000000000000000000e+00
2.794024188546206933e+00,9.996647964931377750e-01,-1.000000000000000000e+00
2.673666211332613951e+00,-1.050430171312481953e+00,-1.000000000000000000e+00
1.439936300585871853e+00,2.341963791704141595e+00,-1.000000000000000000e+00
2.636477540689785570e+00,-9.397645485649924746e-01,1.000000000000000000e+00
2.375406370425151348e+00,4.478117907972987144e-01,-1.000000000000000000e+00
-2.203789492186448040e+00,-1.749897748484894988e+00,-1.000000000000000000e+00
1.078630012018711337e+00,-5.225338361577783530e+00,1.000000000000000000e+00
-7.182925337014492984e-01,-4.268691983628873921e+00,1.000000000000000000e+00
-1.609872663753769473e+00,4.738495642073245584e+00,1.000000000000000000e+00
2.577823944448107696e+00,2.846724725197553596e+00,-1.000000000000000000e+00
1.448593218856360831e+00,-3.310468497823515488e+00,-1.000000000000000000e+00
2.676908273120231829e+00,1.135169442458651146e+00,-1.000000000000000000e+00
-2.719143484083983875e+00,3.457701516567043942e+00,1.000000000000000000e+00
1.453810623074744068e+00,2.629426703982690849e+00,-1.000000000000000000e+00
2.134940401540699195e+00,-2.397066087637506726e+00,-1.000000000000000000e+00
2.929603648262117943e-01,1.362793520269439007e+00,-1.000000000000000000e+00
-4.131702358753839732e+00,1.280224082797595919e+00,1.000000000000000000e+00
-1.872047358938199846e+00,-3.725581713656151983e+00,1.000000000000000000e+00
1.201304982884289441e+00,1.139407218089727891e+00,-1.000000000000000000e+00
1.598534199844795722e+00,4.263026245907264311e-02,-1.000000000000000000e+00
1.414250370897057518e+00,7.575321452749358420e-01,-1.000000000000000000e+00
-8.822372501983581916e-01,4.448343684875217363e+00,1.000000000000000000e+00
6.153476552059286009e-01,-1.126880165757318419e+00,-1.000000000000000000e+00
1.944334564080075323e+00,3.036538935245505222e+00,-1.000000000000000000e+00
-3.208870882774450983e+00,7.491759486784888011e-02,-1.000000000000000000e+00
3.446190677330784879e+00,4.037969274061712355e+00,1.000000000000000000e+00
1.865961261520036274e+00,-2.759573800826538026e+00,-1.000000000000000000e+00
-2.415081556174314859e+00,2.673947023389181332e+00,1.000000000000000000e+00
-3.547834669519834616e+00,3.164969529220880595e+00,1.000000000000000000e+00
9.739019699354294346e-01,2.481787879023585219e+00,-1.000000000000000000e+00
-3.187385000630199805e+00,-1.465371594496856167e+00,-1.000000000000000000e+00
8.376378575991727526e-01,3.268661619891976677e+00,-1.000000000000000000e+00
3.347647312677314857e-01,1.571284669479469098e+00,-1.000000000000000000e+00
4.570059175109438598e+00,-1.059385158297914131e-01,1.000000000000000000e+00
6.187451590629737819e-01,4.713246590492186083e-01,-1.000000000000000000e+00
2.551861983967699921e+00,3.463488928975321457e+00,1.000000000000000000e+00
2.856406324794043550e-01,4.031122463026435732e+00,1.000000000000000000e+00
1.062082119023272764e+00,5.942534318346378575e-01,-1.000000000000000000e+00
4.834477502463714771e+00,3.786638838374976057e+00,1.000000000000000000e+00
1.600829797823821732e-01,-1.791122975243714555e+00,-1.000000000000000000e+00
6.254587397702585649e-01,-1.421600253543742420e+00,-1.000000000000000000e+00
4.817121277888952724e-01,7.415844674889806587e-01,-1.000000000000000000e+00
-1.829870268165366687e+00,2.340925676651693266e+00,-1.000000000000000000e+00
-3.208871463595820650e+00,1.233150405692443385e+00,-1.000000000000000000e+00
3.046915698892578739e+00,4.909798352839583657e+00,1.000000000000000000e+00
-3.363897831880445999e+00,-2.413491038055473048e+00,1.000000000000000000e+00
1.721362190241003454e+00,2.773459431829078170e+00,-1.000000000000000000e+00
-2.812452773288291463e-01,3.381593869566595245e+00,-1.000000000000000000e+00
2.622888320455963207e+00,-2.875337759261776149e+00,1.000000000000000000e+00
2.224550890019009408e+00,-4.882765585999697677e+00,1.000000000000000000e+00
-1.613585825431175236e+00,3.185115895012327503e+00,1.000000000000000000e+00
2.905137074052726476e+00,2.888805101805419273e+00,1.000000000000000000e+00
4.375013211849776873e+00,-1.271610502516930197e+00,1.000000000000000000e+00
-1.685599916806573395e+00,2.008199384637523455e-01,-1.000000000000000000e+00
-4.415075726708143078e-01,-2.260673114247675031e+00,-1.000000000000000000e+00
-4.850589695033544757e+00,-9.668361761693344825e-01,1.000000000000000000e+00
-7.416763602334306427e-01,-4.165992676269589801e+00,1.000000000000000000e+00
-3.388960249651344903e+00,-1.071196815436642025e+00,-1.000000000000000000e+00
-1.851517398720738505e+00,-4.204428034333694830e-01,-1.000000000000000000e+00
-2.377957614613830817e+00,1.964856211893744709e+00,-1.000000000000000000e+00
-1.121597932554282862e+00,1.888458351659057399e+00,-1.000000000000000000e+00
-4.519663431636944395e-01,-1.007674564729660327e+00,-1.000000000000000000e+00
-6.423068427923268597e-01,-3.861716273121295728e+00,1.000000000000000000e+00
-3.292244534926713762e-03,-5.322573164522936828e+00,1.000000000000000000e+00
-2.424128291101290245e+00,-4.008454737131205370e+00,1.000000000000000000e+00
2.490487677438147252e+00,-1.854989698371819706e+00,1.000000000000000000e+00
-2.089847214773243866e+00,4.238295631377780204e+00,1.000000000000000000e+00
-2.569325465686800758e+00,-3.902436412039792302e+00,1.000000000000000000e+00
-1.347356548889697248e+00,-2.814486608421087332e+00,1.000000000000000000e+00
-1.810703022499435821e+00,6.369715401780903230e-01,-1.000000000000000000e+00
-1.326188367272286062e+00,-3.486571849759011243e+00,1.000000000000000000e+00
2.544770636760020022e+00,4.334178363231418807e+00,1.000000000000000000e+00
-6.439403911643345468e-01,-1.577448133942888298e+00,-1.000000000000000000e+00
-1.735835320205052268e+00,7.932580660709290798e-01,-1.000000000000000000e+00
1.973036810822792919e+00,-4.387489270122704177e+00,1.000000000000000000e+00
-2.431338940754496303e+00,-1.443515197253875115e+00,-1.000000000000000000e+00
-9.257847403306773693e-02,2.189733322979534158e+00,-1.000000000000000000e+00
4.546682320144266876e-01,-3.339228156267933123e+00,1.000000000000000000e+00
-1.324792689646855592e+00,1.795912153091914654e+00,-1.000000000000000000e+00
-6.254415240535131648e-01,3.882606329529070255e+00,1.000000000000000000e+00
-1.522216581963087290e+00,4.313487922447642120e+00,1.000000000000000000e+00
-3.346572639343051492e+00,1.683819488133720954e-01,1.000000000000000000e+00
-3.597911982915983131e+00,-3.578984403160322625e+00,1.000000000000000000e+00
1.321076113826998633e+00,-2.921854124485124604e+00,1.000000000000000000e+00
3.142974410779458161e+00,2.071840867061593539e+00,1.000000000000000000e+00
-1.051851098219005909e+00,-3.262867524796283281e+00,1.000000000000000000e+00
1.303816290752531637e-01,-1.765541305598481880e+00,-1.000000000000000000e+00
-2.433772893772391033e+00,2.700923248637878693e+00,1.000000000000000000e+00
1.488521454042337488e+00,-3.177309498203749083e+00,1.000000000000000000e+00
3.133603357678955259e+00,4.428870688853070448e+00,1.000000000000000000e+00
1.822063702629739934e+00,1.909863243680909983e+00,1.000000000000000000e+00
7.442419136162987670e-01,2.538072569006496693e+00,-1.000000000000000000e+00
-2.255927237561980547e+00,-3.246811368896556527e+00,1.000000000000000000e+00
-2.505918599129262958e+00,-7.658848774707753826e-01,-1.000000000000000000e+00
-1.000700252680024382e+00,-1.862686818329545968e+00,-1.000000000000000000e+00
-9.151694769120113371e-01,4.282098259982957345e+00,1.000000000000000000e+00
-2.796158907865780918e+00,4.325599013782375213e-01,1.000000000000000000e+00
-5.519663626948470458e+00,-3.354609476944617974e+00,1.000000000000000000e+00
-4.666655345370565477e+00,2.990090514496539509e-01,1.000000000000000000e+00
-4.133225276459822073e-01,1.720054583670194148e-03,-1.000000000000000000e+00
-1.452740940064349839e+00,-2.490656105764310624e+00,1.000000000000000000e+00
2.049816851659022277e+00,-6.767650146027758273e-01,-1.000000000000000000e+00
-1.314852663101382824e+00,-1.810872748966751766e+00,-1.000000000000000000e+00
-3.568851937631925431e+00,3.952498536891136727e+00,1.000000000000000000e+00
-3.000504459778517319e+00,2.294698918102850982e+00,1.000000000000000000e+00
2.215850282470101629e+00,-3.860749361784671319e+00,1.000000000000000000e+00
-1.711583511876535679e+00,2.909240471780814907e+00,-1.000000000000000000e+00
-2.288519596164634073e+00,-3.014289561817821816e+00,1.000000000000000000e+00
2.232517493302453193e+00,1.298569535315261092e+00,-1.000000000000000000e+00
-1.221574761171110968e+00,2.219000232430486275e+00,-1.000000000000000000e+00
1.523358063200970891e+00,-4.084865148672855106e+00,1.000000000000000000e+00
1.042617564284169518e+00,1.129849924243501169e+00,-1.000000000000000000e+00
-4.240448022945168205e+00,3.108341774113604572e+00,1.000000000000000000e+00
-2.757919230038390790e+00,-2.070265575703288174e+00,-1.000000000000000000e+00
1.252933372998841222e+00,3.224918405244187269e+00,-1.000000000000000000e+00
-3.881876496197718573e+00,-1.888218917501538918e+00,1.000000000000000000e+00
2.265040012013409321e+00,-4.346754455327078936e+00,1.000000000000000000e+00
5.115770137089638681e+00,1.814008407604178919e+00,1.000000000000000000e+00
4.713594440404408337e-01,-5.032786417958657665e+00,1.000000000000000000e+00
-2.222286438812933973e+00,3.766629993659684317e+00,1.000000000000000000e+00
2.192811095545885713e+00,9.420262100454581677e-01,-1.000000000000000000e+00
3.887468290249846081e+00,1.412575865012612786e+00,1.000000000000000000e+00
7.053360345994591496e-02,-2.350547029518200937e+00,-1.000000000000000000e+00
-1.753013809816624358e+00,4.940570947480714681e-01,-1.000000000000000000e+00
-9.430844919652182634e-01,6.564088958336808943e-01,-1.000000000000000000e+00
-4.790473639642076065e-01,-2.708961741408348445e+00,-1.000000000000000000e+00
-2.167175429212794935e+00,-2.857467712092564671e+00,-1.000000000000000000e+00
-1.512919193579482569e+00,2.272457172756888522e+00,-1.000000000000000000e+00
-1.974483724777297056e+00,-1.168929402332913314e+00,-1.000000000000000000e+00
-1.400329386348904137e+00,-1.994809907356596357e+00,-1.000000000000000000e+00
-2.489763565252139710e+00,1.829095306390426945e-01,-1.000000000000000000e+00
1.250339221706374682e+00,-7.238083090903169037e-01,-1.000000000000000000e+00
1.844410188340794843e-01,3.925167762628669621e+00,1.000000000000000000e+00
2.358438651536192143e+00,-3.964954789267898683e+00,1.000000000000000000e+00
-1.328482067185718485e+00,3.991906610992923543e+00,1.000000000000000000e+00
3.246877602277375097e+00,3.390399913395321985e+00,1.000000000000000000e+00
-8.139507153553112717e-01,1.447363013095677164e+00,-1.000000000000000000e+00
-2.670519834147797589e+00,2.795481269136745439e+00,1.000000000000000000e+00
-2.992067093255956323e+00,3.655398551409571595e-01,-1.000000000000000000e+00
2.213588801065448308e+00,-5.325226591216278837e-01,-1.000000000000000000e+00
-2.454338004631443360e-01,-2.171204936549684383e+00,-1.000000000000000000e+00
-1.481491986537156080e+00,1.176283413541029166e+00,-1.000000000000000000e+00
-4.084545609888367679e+00,3.382728970755849218e+00,1.000000000000000000e+00
2.801976434119177739e+00,3.743822235342358251e+00,1.000000000000000000e+00
-1.662882131448042422e-01,1.092550667678390930e+00,-1.000000000000000000e+00
-3.562206254895322388e+00,-9.248596218099029986e-01,1.000000000000000000e+00
1.126993855913799525e+00,9.911893482794338350e-01,-1.000000000000000000e+00
2.185347163854107766e+00,-4.631666331810606607e+00,1.000000000000000000e+00
2.559579211147456235e+00,3.548847449837894352e+00,1.000000000000000000e+00
2.037571006710481747e+00,-1.824906012680803880e+00,-1.000000000000000000e+00
-4.615938835110116045e+00,3.620985773692366738e+00,1.000000000000000000e+00
-5.064458772594750968e+00,-1.622340613449229973e+00,1.000000000000000000e+00
-3.401066300342279636e+00,-1.285872663022804119e+00,1.000000000000000000e+00
2.300763155085585154e+00,1.639740810771435076e+00,-1.000000000000000000e+00
1.599170719584103839e+00,5.518054916986172564e-01,-1.000000000000000000e+00
3.841095468562095716e-01,3.699590953250947667e+00,1.000000000000000000e+00
-2.766606026597440149e+00,2.395916811634647647e+00,1.000000000000000000e+00
-5.814859994711574220e-02,1.245621843915637683e+00,-1.000000000000000000e+00
-3.957135588981461005e+00,-1.402902743049374568e+00,1.000000000000000000e+00
-4.286347439841353690e-05,-1.843921491565874371e+00,-1.000000000000000000e+00
-3.111393526456883940e+00,-4.392465598955172190e+00,1.000000000000000000e+00
1.875611186284911192e+00,2.615206357490527100e+00,1.000000000000000000e+00
3.211730402490287517e+00,2.270273663612258463e+00,1.000000000000000000e+00
9.666643409381991958e-02,-4.007265780867726335e+00,1.000000000000000000e+00
6.150630903192493282e-01,-3.755423332122496127e+00,-1.000000000000000000e+00
-3.766298578754343485e+00,1.118380639805706789e+00,1.000000000000000000e+00
-1.016422130035119054e+00,-3.382545274494005660e+00,1.000000000000000000e+00
-8.356164568247130831e-01,3.344386936978414049e+00,1.000000000000000000e+00
-1.849080617059957188e+00,2.889256309559247171e+00,-1.000000000000000000e+00
-2.798899894174954994e+00,1.080402210909606753e+00,1.000000000000000000e+00
-4.393724739810395796e+00,-9.485556172465491320e-01,1.000000000000000000e+00
-1.846513315932412524e+00,-2.781231950391208407e+00,-1.000000000000000000e+00
2.212796841989812524e-01,2.027542170747295813e+00,-1.000000000000000000e+00
4.934532480012567834e-01,-3.306047051097506628e+00,1.000000000000000000e+00
1.554683422571879303e+00,1.804603128726555816e+00,-1.000000000000000000e+00
3.653178783861552592e+00,-2.638803059871233980e+00,1.000000000000000000e+00
2.470478971875456509e+00,8.773794778195113109e-01,-1.000000000000000000e+00
-1.272788904425394163e+00,1.554397436377916275e+00,-1.000000000000000000e+00
-2.995079033154417925e+00,1.874481979304082335e-01,1.000000000000000000e+00
1.086306582171854052e+00,6.311664500503251229e-01,-1.000000000000000000e+00
2.097490653536341121e+00,-4.469489302531295394e-01,-1.000000000000000000e+00
-1.361923772225674956e+00,-1.964248304058533012e+00,-1.000000000000000000e+00
4.351010474882444079e+00,5.037622483865129563e-01,1.000000000000000000e+00
3.451260651727434681e-01,3.467981144659386672e-01,-1.000000000000000000e+00
-3.944603313977390613e-01,1.844906047172238495e+00,-1.000000000000000000e+00
-3.418459994495625764e+00,-1.664148372046260427e+00,-1.000000000000000000e+00
-1.713535387182190339e+00,-9.511659945591386389e-01,-1.000000000000000000e+00
-1.440981133140629034e+00,1.050656773876596617e+00,-1.000000000000000000e+00
8.669391557499933620e-01,1.232420672792475802e-01,-1.000000000000000000e+00
3.437446553162234686e+00,3.728835124424099146e+00,1.000000000000000000e+00
6.108093415533675241e-01,-2.476142575836542292e+00,-1.000000000000000000e+00
2.345825338472899535e+00,3.185660125975523504e-01,-1.000000000000000000e+00
-3.085990282242590865e+00,1.315431884553701858e+00,1.000000000000000000e+00
-4.795085152565270459e-02,1.116386992541500645e+00,-1.000000000000000000e+00
-6.290252913400802282e-01,-4.271590763018897619e+00,1.000000000000000000e+00
5.039692930295975870e+00,6.796938039733052550e-01,1.000000000000000000e+00
-3.054247237506709123e+00,2.021738763241475390e+00,1.000000000000000000e+00
3.096215337904705045e+00,-7.141699478527883116e-01,-1.000000000000000000e+00
-2.710714518427069120e+00,-3.790307037997046269e+00,1.000000000000000000e+00
2.010101526839347841e+00,2.493979050266096564e+00,1.000000000000000000e+00
7.586278209589849553e-01,-4.665400887928477403e+00,1.000000000000000000e+00
2.088895434209010915e+00,-4.732841477793794382e-01,-1.000000000000000000e+00
2.921225909187402880e+00,-3.476494741948400691e+00,1.000000000000000000e+00
4.714505386464859171e+00,3.838609029797795724e+00,1.000000000000000000e+00
-2.763930432414430705e+00,-6.151823871533775856e-01,-1.000000000000000000e+00
4.033354771016005036e-01,-2.224296128786588778e+00,-1.000000000000000000e+00
3.247653201443182258e+00,-3.024417968977957116e+00,1.000000000000000000e+00
-5.387479381815358792e-01,-2.001695583519663035e+00,-1.000000000000000000e+00
2.026474063392998737e+00,-2.045799897684028590e+00,1.000000000000000000e+00
1.079985012190150417e+00,1.227926901719779362e+00,-1.000000000000000000e+00
-1.613175842732394782e+00,-3.223439192304251133e+00,1.000000000000000000e+00
1.083451812129044844e+00,-2.099519337395510554e+00,-1.000000000000000000e+00
-3.342688869175984845e+00,2.667798427305181796e+00,1.000000000000000000e+00
-1.636623584149711208e+00,9.205387462925437303e-01,-1.000000000000000000e+00
1.968879994630568842e+00,1.602405444799233081e+00,-1.000000000000000000e+00
4.265559681245194024e-01,-2.611709375768184405e+00,-1.000000000000000000e+00
-2.515898869733335097e+00,5.151611712034557478e+00,1.000000000000000000e+00
-7.524646434751610657e-01,-2.898317349597107295e+00,1.000000000000000000e+00
3.939231650333770318e+00,6.188721642357003505e-01,1.000000000000000000e+00
2.137881030650651493e+00,9.484439753769676740e-01,-1.000000000000000000e+00
-1.135999983585202378e+00,1.801713978387289306e-01,-1.000000000000000000e+00
5.723662030842465720e-01,-3.109897627658926300e-01,-1.000000000000000000e+00
-1.305992698693968723e+00,8.922382340135351919e-01,-1.000000000000000000e+00
-1.224259882117626763e-01,-2.305913993425824149e+00,-1.000000000000000000e+00
-1.357681213366981110e+00,-4.199543210207314026e+00,1.000000000000000000e+00
3.555518381113613735e+00,-1.862355825516961438e+00,1.000000000000000000e+00
-1.329445862601139616e+00,6.161499556577034742e-01,-1.000000000000000000e+00
-5.115862768951509043e-01,4.981107901611244948e+00,1.000000000000000000e+00
1.739104870108747036e+00,2.080686438447628461e+00,-1.000000000000000000e+00
-9.815281571469232080e-01,1.887576270188767058e+00,-1.000000000000000000e+00
1.298867081331335882e+00,-4.818813360030521409e+00,1.000000000000000000e+00
3.281937112549720759e+00,-9.252921847936579347e-01,1.000000000000000000e+00
4.512994007797339613e+00,2.589366151974231478e+00,1.000000000000000000e+00
-1.459439448353343494e-01,2.598833686876816707e+00,1.000000000000000000e+00
-3.025213009885343141e+00,-5.032433724410581011e-01,-1.000000000000000000e+00
2.358503495696343322e+00,-8.896274819762001185e-01,-1.000000000000000000e+00
3.117027132346976703e+00,-2.542064162612740041e+00,-1.000000000000000000e+00
7.395263429891426599e-01,-4.670172882958707916e+00,1.000000000000000000e+00
1.596520693360022225e+00,1.579501428160277055e+00,-1.000000000000000000e+00
1.173041994317729264e+00,1.931968012099675169e-01,-1.000000000000000000e+00
1.104549170988922135e+00,-5.451033341203004312e-01,-1.000000000000000000e+00
-2.110182624271168539e+00,3.472840772097817386e+00,-1.000000000000000000e+00
1.556191984329534650e+00,-4.084031911311976515e+00,1.000000000000000000e+00
6.780692877730667423e-01,-3.413798515172471681e+00,-1.000000000000000000e+00
1.896570564723505825e+00,2.381244066721834862e+00,1.000000000000000000e+00
-1.653142566348098530e+00,-5.019107983754195201e-02,-1.000000000000000000e+00
-3.777188184453458053e+00,-1.393233226062503105e+00,-1.000000000000000000e+00
-3.686914420570895912e-01,-1.482690139402235818e+00,-1.000000000000000000e+00
-2.755739089544006148e+00,1.874528744842829830e+00,1.000000000000000000e+00
-4.737040531045249026e+00,3.821672812927585650e+00,1.000000000000000000e+00
3.268529256815456030e+00,-1.072836433747610396e+00,-1.000000000000000000e+00
4.763308958326599729e-01,3.922042160655799803e-01,-1.000000000000000000e+00
-1.585316474870211767e+00,3.215068054921398577e+00,1.000000000000000000e+00
8.388175879172461435e-01,-3.802198176790598350e+00,1.000000000000000000e+00
-6.994054807100580362e-02,-1.834654307681178986e+00,-1.000000000000000000e+00
-2.637298357641130409e+00,2.054851443229459562e-01,-1.000000000000000000e+00
1.134226917724716843e+00,-2.475458816579140908e+00,-1.000000000000000000e+00
-1.669423105853162115e+00,-2.412452413833554576e-01,-1.000000000000000000e+00
2.807396684523751240e+00,2.723051794345961341e+00,1.000000000000000000e+00
2.528455820675514332e+00,-3.391954631450457280e-01,-1.000000000000000000e+00
5.377177296853621336e-01,3.887053158247409712e+00,1.000000000000000000e+00
3.041681462977512851e+00,2.937423587950143133e-01,-1.000000000000000000e+00
-3.852211447097435126e+00,-2.267478138902442986e+00,1.000000000000000000e+00
2.057227873993291212e+00,5.038945225675171891e+00,1.000000000000000000e+00
1.835777481061672711e+00,2.788149176104475657e+00,1.000000000000000000e+00
-1.656136276386548811e+00,-1.533288469855991210e+00,-1.000000000000000000e+00
-7.599677854758319917e-01,-5.171011186106913016e+00,1.000000000000000000e+00
-8.055161812236730778e-01,4.080438016630403730e+00,1.000000000000000000e+00
-2.423445994871254339e+00,3.921531485684319196e-01,-1.000000000000000000e+00
-2.260356250328883654e+00,-3.092497406873892185e+00,-1.000000000000000000e+00
4.643410748958979317e-01,-3.047632752326869365e+00,-1.000000000000000000e+00
8.981660213417115290e-01,-1.392069082144125503e+00,1.000000000000000000e+00
3.597526392656183791e+00,-6.482178214448682807e-01,1.000000000000000000e+00
2.911121707043065499e+00,6.388539105283348452e-01,1.000000000000000000e+00
2.631605745710836164e+00,-1.567837112312306935e+00,-1.000000000000000000e+00
-2.047025103683521863e-01,1.277183016567465135e+00,-1.000000000000000000e+00
-9.667075510822664697e-01,-2.322612461703247089e+00,1.000000000000000000e+00
1.750892362068789065e+00,-9.883832975837836265e-02,-1.000000000000000000e+00
3.506874790591790081e+00,-3.327271316216643626e+00,1.000000000000000000e+00
3.702986262426342101e-01,-8.044808389184631148e-01,-1.000000000000000000e+00
1.025464439914525183e-01,-1.151375472658529020e-01,-1.000000000000000000e+00
2.449120720179414956e+00,2.945040785514141390e+00,-1.000000000000000000e+00
1.864834932634243492e+00,-4.180610377737208339e+00,1.000000000000000000e+00
1.228489226677275781e+00,7.523546831445765415e-01,-1.000000000000000000e+00
2.030637556507166153e+00,1.683729251314312281e+00,-1.000000000000000000e+00
1.138011405968961665e+00,-1.949337802961273791e+00,-1.000000000000000000e+00
2.107643856965673024e+00,4.660345847661843677e-01,-1.000000000000000000e+00
8.011051032194292931e-01,3.185306794902862837e+00,1.000000000000000000e+00
-7.828176786150153887e-01,-1.691642566641250900e+00,-1.000000000000000000e+00
-1.637970004656430056e+00,-4.489041783058221213e+00,1.000000000000000000e+00
4.156667298691990808e+00,-1.417483653884688666e+00,1.000000000000000000e+00
-6.824037327878935688e-01,1.527479216823530939e+00,-1.000000000000000000e+00
2.864991410644763370e+00,-1.936655942180727230e-01,1.000000000000000000e+00
2.876516315394114898e+00,2.341252849212222653e+00,-1.000000000000000000e+00
5.080306669084531102e-01,-7.789053545411279700e-01,-1.000000000000000000e+00
1.294520181147614135e+00,1.768251460891753224e+00,-1.000000000000000000e+00
-5.330010747037619012e+00,-2.140265663301656129e+00,1.000000000000000000e+00
1.931689421423209652e+00,-4.142591208549972315e+00,1.000000000000000000e+00
-2.684459043526493005e+00,3.524460097495492938e+00,1.000000000000000000e+00
-2.159064913947072561e+00,2.516856298999607944e+00,-1.000000000000000000e+00
-6.501212936217948268e-01,2.170999730222506585e+00,-1.000000000000000000e+00
2.079922047994333667e-01,-8.862769328349777709e-01,-1.000000000000000000e+00
2.684428049969062036e-01,-1.734938489610562851e+00,-1.000000000000000000e+00
6.429481687579782778e-02,-2.479100689741927876e+00,-1.000000000000000000e+00
-3.860472832668944143e-01,1.217873005126305586e+00,-1.000000000000000000e+00
-2.135354025469389683e+00,2.892449984672893049e+00,-1.000000000000000000e+00
-3.262488592459289904e+00,-7.954427074950648491e-01,1.000000000000000000e+00
-2.561913807821964539e+00,-2.651476702747586955e+00,1.000000000000000000e+00
4.483988882346242377e+00,3.550358868950883373e+00,1.000000000000000000e+00
-2.774110199838526025e+00,-1.903538520331594874e+00,-1.000000000000000000e+00
-3.246709857818454559e+00,-4.409816963065384399e-01,-1.000000000000000000e+00
3.477565533080493321e+00,-2.769581725224151025e+00,1.000000000000000000e+00
4.040130126128802068e+00,2.222208533465771296e+00,1.000000000000000000e+00
1.215096869540317703e+00,-1.266386831836439741e+00,-1.000000000000000000e+00
3.667377940571601158e+00,2.822582614796067979e+00,1.000000000000000000e+00
2.733425571752721162e+00,1.705753563265159700e+00,-1.000000000000000000e+00
-7.250015621571055391e-01,-4.967499361687712778e+00,1.000000000000000000e+00
-4.836955309516238977e+00,2.547893445570065474e+00,1.000000000000000000e+00
6.801775546790683746e-01,-2.452427557468861874e+00,-1.000000000000000000e+00
-4.784266137616235426e-01,-2.057683783821095957e-03,-1.000000000000000000e+00
-2.930710794537382036e+00,-2.137426084623327505e+00,-1.000000000000000000e+00
3.890617918497137895e-01,-4.360354900907132070e+00,1.000000000000000000e+00
-1.168967839263754582e+00,3.149781082142491417e+00,1.000000000000000000e+00
-1.535950402898150768e+00,7.861134635190745179e-01,-1.000000000000000000e+00
-3.422073018260710420e+00,-3.024971994973232103e+00,1.000000000000000000e+00
3.024815554655287286e+00,-2.055146115715035915e+00,-1.000000000000000000e+00
-1.305337544066786371e-01,-8.806860060804735379e-01,-1.000000000000000000e+00
-2.504567319778999490e+00,2.192921023437124084e-01,-1.000000000000000000e+00
2.440743204382707976e+00,2.675039428914367967e+00,1.000000000000000000e+00
-3.127475848668956893e+00,-2.931653998339251999e-01,-1.000000000000000000e+00
2.661453811975979633e+00,-1.575870310701013910e+00,1.000000000000000000e+00
-2.060407437857952218e+00,-3.725224144691582584e+00,1.000000000000000000e+00
-3.536423060025316367e+00,-3.484503991532041045e+00,1.000000000000000000e+00
-4.652242887163184903e+00,-8.803208486286293599e-01,1.000000000000000000e+00
3.385826398210173060e+00,9.478090451967098318e-01,1.000000000000000000e+00
-6.851941724129613220e-01,1.064579301715943949e+00,-1.000000000000000000e+00
-1.616291328844443376e+00,4.079462978693987552e+00,1.000000000000000000e+00
-1.262203280400086669e+00,1.130369837827309043e+00,-1.000000000000000000e+00
1.044633333519940699e+00,2.802908735226901982e+00,-1.000000000000000000e+00
-9.864188176588317702e-02,-4.856702358308447209e+00,1.000000000000000000e+00
-8.600171330020531801e-01,-3.277382379646401889e-01,-1.000000000000000000e+00
1.862085893639095602e+00,-2.248894571627332084e+00,-1.000000000000000000e+00
-1.304580953445198865e+00,-4.643238645421854383e-01,-1.000000000000000000e+00
-1.962610987302363830e+00,-1.968291186130446180e+00,-1.000000000000000000e+00
